id, firstName, lastName, email
1,John,Doe,john.doe@example.com
2,Jane,Smith,jane.smith@example.com
3,Bob,Johnson,bob.johnson@example.com
4,Alice,Williams,alice.williams@example.com
5,Charlie,Brown,charlie.brown@example.com 
6,David,Miller,david.miller@example.com  
7,Eva,Davis,eva.davis@example.com  
8,Frank,Wilson,frank.wilson@example.com  
9,Grace,Moore,grace.moore@example.com  
10,Henry,Taylor,henry.taylor@example.com  
11,Ivy,Anderson,ivy.anderson@example.com  
12,Jack,Thomas,jack.thomas@example.com  
13,Kate,Jackson,kate.jackson@example.com  
14,Liam,White,liam.white@example.com  
15,Mia,Harris,mia.harris@example.com  
16,Noah,Martin,noah.martin@example.com  
17,Olivia,Garcia,olivia.garcia@example.com  
18,Peter,Lee,peter.lee@example.com  
19,Quinn,Clark,quinn.clark@example.com  
20,Rachel,Lewis,rachel.lewis@example.com  
21,Sam,Walker,sam.walker@example.com  
22,Tina,Hall,tina.hall@example.com  
23,Victor,Allen,victor.allen@example.com  
24,Wendy,Young,wendy.young@example.com  
25,Xander,Hernandez,xander.hernandez@example.com  
26,Yara,King,yara.king@example.com  
27,Zoe,Wright,zoe.wright@example.com  
28,Adam,Scott,adam.scott@example.com  
29,Bella,Green,bella.green@example.com  
30,Caleb,Adams,caleb.adams@example.com  
31,Diana,Nelson,diana.nelson@example.com  
32,Ethan,Baker,ethan.baker@example.com  
33,Fiona,Carter,fiona.carter@example.com  
34,George,Mitchell,george.mitchell@example.com  
35,Hazel,Perez,hazel.perez@example.com  
36,Ian,Roberts,ian.roberts@example.com  
37,Jenna,Turner,jenna.turner@example.com  
38,Kevin,Phillips,kevin.phillips@example.com  
39,Luna,Campbell,luna.campbell@example.com  
40,Mason,Evans,mason.evans@example.com  
41,Nora,Edwards,nora.edwards@example.com  
42,Oscar,Collins,oscar.collins@example.com  
43,Penny,Stewart,penny.stewart@example.com  
44,Quentin,Sanchez,quentin.sanchez@example.com  
45,Ruby,Morris,ruby.morris@example.com  
46,Simon,Rogers,simon.rogers@example.com  
47,Tara,Reed,tara.reed@example.com  
48,Ulysses,Cook,ulysses.cook@example.com  
49,Vera,Morgan,vera.morgan@example.com  
50,Walter,Bell,walter.bell@example.com  
51,Xena,Murphy,xena.murphy@example.com  
52,Yves,Bailey,yves.bailey@example.com  
53,Zara,Rivera,zara.rivera@example.com  
54,Aaron,Cooper,aaron.cooper@example.com  
55,Beth,Richardson,beth.richardson@example.com  
56,Cole,Cox,cole.cox@example.com  
57,Daisy,Howard,daisy.howard@example.com  
58,Eli,Ward,eli.ward@example.com  
59,Flora,Torres,flora.torres@example.com  
60,Gavin,Peterson,gavin.peterson@example.com  
61,Hope,Gray,hope.gray@example.com  
62,Ira,Ramirez,ira.ramirez@example.com  
63,Jules,James,jules.james@example.com  
64,Kira,Watson,kira.watson@example.com  
65,Leo,Brooks,leo.brooks@example.com  
66,Mae,Kelly,mae.kelly@example.com  
67,Nick,Sanders,nick.sanders@example.com  
68,Opal,Price,opal.price@example.com  
69,Paul,Bennett,paul.bennett@example.com  
70,Quincy,Wood,quincy.wood@example.com  
71,Rose,Barnes,rose.barnes@example.com  
72,Seth,Henderson,seth.henderson@example.com  
73,Tess,Coleman,tess.coleman@example.com  
74,Uriah,Jenkins,uriah.jenkins@example.com  
75,Violet,Perry,violet.perry@example.com  
76,Wade,Powell,wade.powell@example.com  
77,Xenia,Long,xenia.long@example.com  
78,Yale,Patterson,yale.patterson@example.com  
79,Zane,Hughes,zane.hughes@example.com  
80,Amy,Foster,amy.foster@example.com  
81,Blake,Hamilton,blake.hamilton@example.com  
82,Cleo,Bryant,cleo.bryant@example.com  
83,Duke,Russell,duke.russell@example.com  
84,Elsie,Gibson,elsie.gibson@example.com  
85,Finn,Wallace,finn.wallace@example.com  
86,Gwen,West,gwen.west@example.com  
87,Hank,Jordan,hank.jordan@example.com  
88,Isla,Dixon,isla.dixon@example.com  
89,Jett,Freeman,jett.freeman@example.com  
90,Kai,Fields,kai.fields@example.com  
91,Lola,Dean,lola.dean@example.com  
92,Mack,Spencer,mack.spencer@example.com  
93,Nell,Webb,nell.webb@example.com  
94,Otto,Harrison,otto.harrison@example.com  
95,Pearl,Simmons,pearl.simmons@example.com  
96,Quill,Marshall,quill.marshall@example.com  
97,Remy,Wheeler,remy.wheeler@example.com  
98,Skye,Larson,skye.larson@example.com  
99,Troy,George,troy.george@example.com  
100,Uma,Fisher,uma.fisher@example.com  